{
  "providers": {
    "awscloudformation": {
      "AuthRoleName": "amplify-riskcalcopentest-dev-140053-authRole",
      "UnauthRoleArn": "arn:aws:iam::722918683924:role/amplify-riskcalcopentest-dev-140053-unauthRole",
      "AuthRoleArn": "arn:aws:iam::722918683924:role/amplify-riskcalcopentest-dev-140053-authRole",
      "Region": "us-west-2",
      "DeploymentBucketName": "amplify-riskcalcopentest-dev-140053-deployment",
      "UnauthRoleName": "amplify-riskcalcopentest-dev-140053-unauthRole",
      "StackName": "amplify-riskcalcopentest-dev-140053",
      "StackId": "arn:aws:cloudformation:us-west-2:722918683924:stack/amplify-riskcalcopentest-dev-140053/94629f20-af92-11ec-82c7-0263031f0aad",
      "AmplifyAppId": "d1pc3jbzh7ma2"
    }
  }
}