{
  "providers": {
    "awscloudformation": {
      "AuthRoleName": "amplify-riskcalcopentest-dev-140053-authRole",
      "UnauthRoleArn": "arn:aws:iam::722918683924:role/amplify-riskcalcopentest-dev-140053-unauthRole",
      "AuthRoleArn": "arn:aws:iam::722918683924:role/amplify-riskcalcopentest-dev-140053-authRole",
      "Region": "us-west-2",
      "DeploymentBucketName": "amplify-riskcalcopentest-dev-140053-deployment",
      "UnauthRoleName": "amplify-riskcalcopentest-dev-140053-unauthRole",
      "StackName": "amplify-riskcalcopentest-dev-140053",
      "StackId": "arn:aws:cloudformation:us-west-2:722918683924:stack/amplify-riskcalcopentest-dev-140053/94629f20-af92-11ec-82c7-0263031f0aad",
      "AmplifyAppId": "d1pc3jbzh7ma2"
    }
  },
  "hosting": {
    "S3AndCloudFront": {
      "service": "S3AndCloudFront",
      "providerPlugin": "awscloudformation",
      "output": {
        "CloudFrontSecureURL": "https://d281xaee1acy0x.cloudfront.net",
        "S3BucketSecureURL": "https://amplify-riskcalcopentest-dev-140053-deployment-dev.s3.amazonaws.com",
        "CloudFrontOriginAccessIdentity": "E1GKYNDWZSHU5R",
        "WebsiteURL": "http://amplify-riskcalcopentest-dev-140053-deployment-dev.s3-website-us-west-2.amazonaws.com",
        "CloudFrontDistributionID": "E37K3409N24YQZ",
        "Region": "us-west-2",
        "HostingBucketName": "amplify-riskcalcopentest-dev-140053-deployment-dev",
        "CloudFrontDomainName": "d281xaee1acy0x.cloudfront.net"
      },
      "lastPushTimeStamp": "2022-03-29T19:57:52.196Z",
      "providerMetadata": {
        "s3TemplateURL": "https://s3.amazonaws.com/amplify-riskcalcopentest-dev-140053-deployment/amplify-cfn-templates/hosting/template.json",
        "logicalId": "hostingS3AndCloudFront"
      },
      "lastPushDirHash": "jRKAR1gLkFwYATZtiG4VTa+PD34="
    }
  }
}